,Cleaned_Ancestry,Initial_Ancestry_Sum,Initial_Ancestry_Count,Initial_Ancestry_Sum_%,Initial_Ancestry_Count_%,Replication_Ancestry_Sum,Replication_Ancestry_Count,Replication_Ancestry_Sum_%,Replication_Ancestry_Count_%,Year
0,European,934312.0,231.0,93.19,82.5,1108578.0,184.0,93.04,81.06,2008
1,Icelandic,20520.0,4.0,2.05,1.43,,,,,2008
2,Northern Finnish,14289.0,3.0,1.43,1.07,,,,,2008
3,Sardinian,8272.0,2.0,0.83,0.71,1858.0,1.0,0.16,0.44,2008
4,Japanese,5147.0,8.0,0.51,2.86,9368.0,6.0,0.79,2.64,2008
5,Indian Asian,3690.0,2.0,0.37,0.71,8575.0,2.0,0.72,0.88,2008
6,Ashkenazi Jewish,3479.0,4.0,0.35,1.43,6507.0,4.0,0.55,1.76,2008
7,Orcadian,2858.0,4.0,0.29,1.43,,,,,2008
8,African Am.,2633.0,8.0,0.26,2.86,9035.0,5.0,0.76,2.2,2008
9,Micronesian,2346.0,1.0,0.23,0.36,,,,,2008
10,Old Order Amish,2219.0,4.0,0.22,1.43,1834.0,2.0,0.15,0.88,2008
11,Rucphen,925.0,1.0,0.09,0.36,1292.0,1.0,0.11,0.44,2008
12,Hutterite,632.0,1.0,0.06,0.36,575.0,1.0,0.05,0.44,2008
13,Chinese,618.0,1.0,0.06,0.36,2953.0,1.0,0.25,0.44,2008
14,East Asian,580.0,2.0,0.06,0.71,29954.0,8.0,2.51,3.52,2008
15,Hispanic,40.0,3.0,0.0,1.07,,,,,2008
16,Asian,16.0,1.0,0.0,0.36,,,,,2008
17,Asian Indian,,,,,3669.0,1.0,0.31,0.44,2008
18,Mexican,,,,,2528.0,1.0,0.21,0.44,2008
19,Oceania,,,,,1372.0,5.0,0.12,2.2,2008
20,Amish,,,,,1347.0,1.0,0.11,0.44,2008
21,French Canadian,,,,,1127.0,2.0,0.09,0.88,2008
22,Han Chinese,,,,,873.0,2.0,0.07,0.88,2008
23,European,1412995.0,294.0,92.16,73.13,1432394.0,227.0,86.72,69.63,2009
24,Korean,27916.0,10.0,1.82,2.49,15759.0,3.0,0.95,0.92,2009
25,European and Indian Asian,17967.0,1.0,1.17,0.25,13615.0,1.0,0.82,0.31,2009
26,Japanese,11934.0,23.0,0.78,5.72,48370.0,21.0,2.93,6.44,2009
27,Indian Asian,9685.0,1.0,0.63,0.25,32499.0,3.0,1.97,0.92,2009
28,Sardinian,8521.0,2.0,0.56,0.5,3688.0,2.0,0.22,0.61,2009
29,African Am.,7604.0,20.0,0.5,4.98,20426.0,17.0,1.24,5.21,2009
30,Asian Indian,7474.0,2.0,0.49,0.5,,,,,2009
31,Han Chinese,7366.0,10.0,0.48,2.49,17192.0,8.0,1.04,2.45,2009
32,Kosraen,4168.0,2.0,0.27,0.5,,,,,2009
33,Chinese,3554.0,4.0,0.23,1.0,40993.0,15.0,2.48,4.6,2009
34,Gambian,2340.0,2.0,0.15,0.5,3463.0,2.0,0.21,0.61,2009
35,Sorbian,1877.0,2.0,0.12,0.5,,,,,2009
36,Korkulan,1796.0,2.0,0.12,0.5,,,,,2009
37,South Tyrol,1079.0,1.0,0.07,0.25,,,,,2009
38,Hispanic,945.0,6.0,0.06,1.49,4512.0,5.0,0.27,1.53,2009
39,African Caribbean,929.0,2.0,0.06,0.5,,,,,2009
40,Black,901.0,2.0,0.06,0.5,949.0,2.0,0.06,0.61,2009
41,Dutch,790.0,1.0,0.05,0.25,,,,,2009
42,Old Order Amish,778.0,1.0,0.05,0.25,1645.0,2.0,0.1,0.61,2009
43,Thai Chinese,618.0,2.0,0.04,0.5,,,,,2009
44,Mexican,492.0,1.0,0.03,0.25,177.0,1.0,0.01,0.31,2009
45,Amish,429.0,1.0,0.03,0.25,,,,,2009
46,Malaysian Chinese,371.0,2.0,0.02,0.5,420.0,2.0,0.03,0.61,2009
47,Hutterite,357.0,1.0,0.02,0.25,,,,,2009
48,Hispanic and European,180.0,2.0,0.01,0.5,1682.0,2.0,0.1,0.61,2009
49,European and African Am.,89.0,1.0,0.01,0.25,,,,,2009
50,Romanian,32.0,1.0,0.0,0.25,,,,,2009
51,Asian,9.0,3.0,0.0,0.75,1166.0,2.0,0.07,0.61,2009
52,East Asian,,,,,9843.0,3.0,0.6,0.92,2009
53,West African,,,,,1888.0,3.0,0.11,0.92,2009
54,Thai,,,,,967.0,3.0,0.06,0.92,2009
55,Indonesian,,,,,174.0,2.0,0.01,0.61,2009
56,European,2730734.0,431.0,88.69,68.2,2093678.0,257.0,84.89,60.9,2010
57,Japanese,203166.0,55.0,6.6,8.7,98434.0,36.0,3.99,8.53,2010
58,European and Hispanic,22604.0,1.0,0.73,0.16,744.0,2.0,0.03,0.47,2010
59,Chinese,21025.0,17.0,0.68,2.69,21421.0,12.0,0.87,2.84,2010
60,Korean,15728.0,10.0,0.51,1.58,6731.0,9.0,0.27,2.13,2010
61,Han Chinese,14112.0,19.0,0.46,3.01,38703.0,16.0,1.57,3.79,2010
62,Indian Asian,13044.0,3.0,0.42,0.47,37478.0,5.0,1.52,1.18,2010
63,African Am.,11984.0,30.0,0.39,4.75,6226.0,12.0,0.25,2.84,2010
64,Filipino,10693.0,6.0,0.35,0.95,4868.0,3.0,0.2,0.71,2010
65,Sub Saharan African,6738.0,4.0,0.22,0.63,6066.0,2.0,0.25,0.47,2010
66,Sardinian,5763.0,5.0,0.19,0.79,3780.0,2.0,0.15,0.47,2010
67,African,3361.0,3.0,0.11,0.47,,,,,2010
68,African Am. or European,3054.0,2.0,0.1,0.32,,,,,2010
69,Turkish,2493.0,2.0,0.08,0.32,3163.0,5.0,0.13,1.18,2010
70,East Asian,1441.0,4.0,0.05,0.63,97992.0,17.0,3.97,4.03,2010
71,Nigerian,1188.0,1.0,0.04,0.16,,,,,2010
72,Mexican American,1144.0,3.0,0.04,0.47,,,,,2010
73,Rucphen,1103.0,1.0,0.04,0.16,,,,,2010
74,Caribbean Hispanic,1093.0,2.0,0.04,0.32,186.0,2.0,0.01,0.47,2010
75,Hispanic,1084.0,7.0,0.04,1.11,1019.0,4.0,0.04,0.95,2010
76,Asian,1042.0,2.0,0.03,0.32,2196.0,2.0,0.09,0.47,2010
77,Singaporean Chinese,980.0,4.0,0.03,0.63,,,,,2010
78,Sorbian,882.0,1.0,0.03,0.16,,,,,2010
79,Amish,841.0,1.0,0.03,0.16,663.0,1.0,0.03,0.24,2010
80,Orcadian,690.0,1.0,0.02,0.16,348.0,1.0,0.01,0.24,2010
81,Old Order Amish,557.0,1.0,0.02,0.16,,,,,2010
82,Vietnamese Korean,518.0,1.0,0.02,0.16,,,,,2010
83,Finnish Saami,347.0,1.0,0.01,0.16,,,,,2010
84,Plains American Indian,322.0,1.0,0.01,0.16,,,,,2010
85,Isreali Arab,266.0,2.0,0.01,0.32,,,,,2010
86,Malawian,226.0,2.0,0.01,0.32,,,,,2010
87,Finnish,204.0,2.0,0.01,0.32,5332.0,4.0,0.22,0.95,2010
88,African Am. Asian or Latino,155.0,1.0,0.01,0.16,,,,,2010
89,South Asian,74.0,1.0,0.0,0.16,322.0,1.0,0.01,0.24,2010
90,Han Chinese American,60.0,1.0,0.0,0.16,,,,,2010
91,Black,52.0,2.0,0.0,0.32,280.0,2.0,0.01,0.47,2010
92,Tibetan,35.0,1.0,0.0,0.16,161.0,1.0,0.01,0.24,2010
93,Hispanic/Latin American,7.0,1.0,0.0,0.16,,,,,2010
94,Black and European,,,,,19090.0,1.0,0.77,0.24,2010
95,African Am. and Afro Caribbean,,,,,3471.0,1.0,0.14,0.24,2010
96,Thai,,,,,2246.0,4.0,0.09,0.95,2010
97,European and Ashkenazi Jewish,,,,,2035.0,2.0,0.08,0.47,2010
98,African Am. and European,,,,,1893.0,1.0,0.08,0.24,2010
99,South and Central American,,,,,1769.0,1.0,0.07,0.24,2010
100,French Canadian,,,,,1756.0,2.0,0.07,0.47,2010
101,Val Borbera,,,,,910.0,1.0,0.04,0.24,2010
102,Uygur Kazakh Chinese,,,,,840.0,2.0,0.03,0.47,2010
103,North African,,,,,746.0,1.0,0.03,0.24,2010
104,Costa Rican,,,,,583.0,1.0,0.02,0.24,2010
105,Middle Eastern Arab,,,,,352.0,2.0,0.01,0.47,2010
106,Fruili Venezia Giulia,,,,,338.0,1.0,0.01,0.24,2010
107,Carlantino,,,,,322.0,1.0,0.01,0.24,2010
108,Ashkenazi Jewish Isreali,,,,,96.0,2.0,0.0,0.47,2010
109,Hispanic American,,,,,85.0,1.0,0.0,0.24,2010
110,Jewish Isreali,,,,,74.0,2.0,0.0,0.47,2010
111,European,2814898.0,456.0,82.21,60.32,2221327.0,312.0,74.02,60.0,2011
112,African Am.,142056.0,45.0,4.15,5.95,56109.0,22.0,1.87,4.23,2011
113,Han Chinese,71921.0,50.0,2.1,6.61,129828.0,38.0,4.33,7.31,2011
114,Korean,66073.0,21.0,1.93,2.78,8003.0,14.0,0.27,2.69,2011
115,East Asian,60885.0,10.0,1.78,1.32,278273.0,25.0,9.27,4.81,2011
116,Japanese,58559.0,48.0,1.71,6.35,143551.0,39.0,4.78,7.5,2011
117,South Asian,41987.0,6.0,1.23,0.79,44755.0,4.0,1.49,0.77,2011
118,Indian Asian,33774.0,4.0,0.99,0.53,,,,,2011
119,African,25009.0,14.0,0.73,1.85,1525.0,3.0,0.05,0.58,2011
120,Chinese,21502.0,18.0,0.63,2.38,14866.0,12.0,0.5,2.31,2011
121,Malay,13331.0,9.0,0.39,1.19,,,,,2011
122,Sardinian,13057.0,5.0,0.38,0.66,,,,,2011
123,Hispanic,7902.0,6.0,0.23,0.79,11452.0,7.0,0.38,1.35,2011
124,Val Borbera,4970.0,3.0,0.15,0.4,,,,,2011
125,Asian Indian,4677.0,3.0,0.14,0.4,2142.0,1.0,0.07,0.19,2011
126,Vietnamese,4026.0,2.0,0.12,0.26,4671.0,2.0,0.16,0.38,2011
127,Rucphen,3925.0,2.0,0.11,0.26,,,,,2011
128,Filipino,3492.0,3.0,0.1,0.4,,,,,2011
129,Old Order Amish,2900.0,3.0,0.08,0.4,,,,,2011
130,Indian,2752.0,3.0,0.08,0.4,2139.0,2.0,0.07,0.38,2011
131,Sorbian,2551.0,3.0,0.07,0.4,,,,,2011
132,South Tyrol,2426.0,2.0,0.07,0.26,,,,,2011
133,Fruili Venezia Giulia,2344.0,2.0,0.07,0.26,,,,,2011
134,Mexican American,2130.0,3.0,0.06,0.4,,,,,2011
135,Taiwanese,2000.0,2.0,0.06,0.26,,,,,2011
136,Indonesian,1683.0,1.0,0.05,0.13,1931.0,1.0,0.06,0.19,2011
137,African Am. and African Caribbean,1612.0,1.0,0.05,0.13,2147.0,1.0,0.07,0.19,2011
138,Dutch,1546.0,2.0,0.05,0.26,,,,,2011
139,Black,1258.0,1.0,0.04,0.13,1300.0,3.0,0.04,0.58,2011
140,French Canadian,1155.0,2.0,0.03,0.26,,,,,2011
141,Pima Indian,1120.0,1.0,0.03,0.13,2133.0,1.0,0.07,0.19,2011
142,Carlantino,1114.0,2.0,0.03,0.26,,,,,2011
143,Amish,880.0,1.0,0.03,0.13,,,,,2011
144,Orcadian,715.0,1.0,0.02,0.13,687.0,1.0,0.02,0.19,2011
145,Papua New Guinean,576.0,2.0,0.02,0.26,,,,,2011
146,Bulgarian,564.0,2.0,0.02,0.26,450.0,2.0,0.01,0.38,2011
147,Ashkenazi Jewish,446.0,2.0,0.01,0.26,,,,,2011
148,Sub Saharan African,352.0,2.0,0.01,0.26,2893.0,3.0,0.1,0.58,2011
149,Cilento,343.0,1.0,0.01,0.13,1709.0,2.0,0.06,0.38,2011
150,Jewish Isreali,331.0,2.0,0.01,0.26,,,,,2011
151,Russian,286.0,2.0,0.01,0.26,,,,,2011
152,Asian,259.0,1.0,0.01,0.13,189.0,2.0,0.01,0.38,2011
153,Tatar,231.0,2.0,0.01,0.26,,,,,2011
154,Arab Isreali,189.0,1.0,0.01,0.13,198.0,2.0,0.01,0.38,2011
155,Bashkir,161.0,2.0,0.0,0.26,,,,,2011
156,Thai,149.0,2.0,0.0,0.26,1676.0,4.0,0.06,0.77,2011
157,European and Middle East/North African,,,,,29807.0,2.0,0.99,0.38,2011
158,African Am. and African,,,,,20809.0,1.0,0.69,0.19,2011
159,African Am. and Afro Caribbean,,,,,8112.0,2.0,0.27,0.38,2011
160,African Am./Afro Caribbean,,,,,3408.0,2.0,0.11,0.38,2011
161,Talana,,,,,2058.0,2.0,0.07,0.38,2011
162,Mexican,,,,,1310.0,2.0,0.04,0.38,2011
163,Iranian,,,,,515.0,2.0,0.02,0.38,2011
164,West African,,,,,425.0,1.0,0.01,0.19,2011
165,Caribbean Hispanic,,,,,418.0,2.0,0.01,0.38,2011
166,Yoruban,,,,,59.0,1.0,0.0,0.19,2011
167,European,2981228.0,457.0,77.03,60.93,1784069.0,270.0,63.81,54.33,2012
168,African Am.,272520.0,60.0,7.04,8.0,23841.0,19.0,0.85,3.82,2012
169,Japanese,193082.0,55.0,4.99,7.33,220885.0,54.0,7.9,10.87,2012
170,East Asian,84107.0,13.0,2.17,1.73,287703.0,26.0,10.29,5.23,2012
171,Han Chinese,69898.0,45.0,1.81,6.0,128376.0,32.0,4.59,6.44,2012
172,European and East Asian,65922.0,2.0,1.7,0.27,101866.0,2.0,3.64,0.4,2012
173,Hispanic,41718.0,19.0,1.08,2.53,8673.0,6.0,0.31,1.21,2012
174,Finnish,41145.0,5.0,1.06,0.67,,,,,2012
175,Korean,34972.0,16.0,0.9,2.13,18021.0,11.0,0.64,2.21,2012
176,Chinese,22481.0,17.0,0.58,2.27,55441.0,18.0,1.98,3.62,2012
177,British and Irish,11375.0,2.0,0.29,0.27,,,,,2012
178,South Asian,9455.0,3.0,0.24,0.4,,,,,2012
179,African,5899.0,7.0,0.15,0.93,27714.0,7.0,0.99,1.41,2012
180,South East Asian,5319.0,2.0,0.14,0.27,,,,,2012
181,Sardinian,4694.0,1.0,0.12,0.13,1392.0,1.0,0.05,0.2,2012
182,Ashkenazi Jewish,4082.0,7.0,0.11,0.93,3095.0,2.0,0.11,0.4,2012
183,South Indian,2875.0,2.0,0.07,0.27,,,,,2012
184,Latino,2359.0,3.0,0.06,0.4,2941.0,3.0,0.11,0.6,2012
185,Malay,2155.0,1.0,0.06,0.13,4152.0,3.0,0.15,0.6,2012
186,Indo European,2128.0,2.0,0.05,0.27,6531.0,2.0,0.23,0.4,2012
187,Middle Eastern,1949.0,1.0,0.05,0.13,2547.0,1.0,0.09,0.2,2012
188,Filipino,1776.0,1.0,0.05,0.13,1783.0,2.0,0.06,0.4,2012
189,French Canadian,1389.0,3.0,0.04,0.4,,,,,2012
190,Bangladeshi,1313.0,1.0,0.03,0.13,,,,,2012
191,Asian,1287.0,2.0,0.03,0.27,29.0,1.0,0.0,0.2,2012
192,Amish,1061.0,3.0,0.03,0.4,,,,,2012
193,Thai,880.0,4.0,0.02,0.53,2300.0,6.0,0.08,1.21,2012
194,Mongolian,756.0,1.0,0.02,0.13,,,,,2012
195,Hutterite,731.0,2.0,0.02,0.27,680.0,1.0,0.02,0.2,2012
196,Jewish,497.0,2.0,0.01,0.27,344.0,2.0,0.01,0.4,2012
197,Hong Kong Chinese,315.0,1.0,0.01,0.13,,,,,2012
198,Norfolk Island,285.0,2.0,0.01,0.27,,,,,2012
199,South African Afrikaner,251.0,2.0,0.01,0.27,,,,,2012
200,Indonesian,223.0,2.0,0.01,0.27,3148.0,4.0,0.11,0.8,2012
201,Yoruban,87.0,1.0,0.0,0.13,,,,,2012
202,Solomon Islander,85.0,2.0,0.0,0.27,,,,,2012
203,American Indian,1.0,1.0,0.0,0.13,,,,,2012
204,European and Asian,,,,,98080.0,1.0,3.51,0.2,2012
205,Pakistani,,,,,6115.0,6.0,0.22,1.21,2012
206,Dravidian,,,,,2245.0,2.0,0.08,0.4,2012
207,West African,,,,,1056.0,2.0,0.04,0.4,2012
208,Costa Rican,,,,,603.0,1.0,0.02,0.2,2012
209,Latin American,,,,,496.0,2.0,0.02,0.4,2012
210,Taiwanese,,,,,400.0,1.0,0.01,0.2,2012
211,Indian,,,,,389.0,2.0,0.01,0.4,2012
212,North African,,,,,372.0,2.0,0.01,0.4,2012
213,Saudi Arab,,,,,340.0,2.0,0.01,0.4,2012
214,European and African Am.,,,,,237.0,2.0,0.01,0.4,2012
215,Asian Indian,,,,,4.0,1.0,0.0,0.2,2012
216,European,4140497.0,515.0,86.58,57.54,2585429.0,286.0,75.69,53.36,2013
217,African Am.,223075.0,51.0,4.66,5.7,99813.0,31.0,2.92,5.78,2013
218,Japanese,86831.0,81.0,1.82,9.05,91217.0,25.0,2.67,4.66,2013
219,Han Chinese,77487.0,61.0,1.62,6.82,141809.0,40.0,4.15,7.46,2013
220,East Asian,67750.0,23.0,1.42,2.57,280237.0,39.0,8.2,7.28,2013
221,Korean,37183.0,35.0,0.78,3.91,22067.0,21.0,0.65,3.92,2013
222,Chinese,21219.0,16.0,0.44,1.79,27858.0,11.0,0.82,2.05,2013
223,Hispanic,19344.0,14.0,0.4,1.56,8112.0,10.0,0.24,1.87,2013
224,African,14363.0,6.0,0.3,0.67,10917.0,2.0,0.32,0.37,2013
225,Malay,8825.0,4.0,0.18,0.45,4279.0,3.0,0.13,0.56,2013
226,Mexican and Latin American,8214.0,2.0,0.17,0.22,,,,,2013
227,Indian,6724.0,4.0,0.14,0.45,6229.0,5.0,0.18,0.93,2013
228,European and  Rucphen,6597.0,1.0,0.14,0.11,,,,,2013
229,Indian Asian,6568.0,1.0,0.14,0.11,,,,,2013
230,Brazilian,6466.0,11.0,0.14,1.23,104.0,1.0,0.0,0.19,2013
231,Mexican,4480.0,4.0,0.09,0.45,4242.0,4.0,0.12,0.75,2013
232,South East Asian,4325.0,1.0,0.09,0.11,,,,,2013
233,Ashkenazi Jewish,3973.0,6.0,0.08,0.67,1273.0,4.0,0.04,0.75,2013
234,Asian Indian,3758.0,2.0,0.08,0.22,,,,,2013
235,Latino,3426.0,2.0,0.07,0.22,653.0,2.0,0.02,0.37,2013
236,Turkish,3281.0,5.0,0.07,0.56,1439.0,3.0,0.04,0.56,2013
237,Afro Caribbean,3201.0,4.0,0.07,0.45,,,,,2013
238,Mexican American,2615.0,3.0,0.05,0.34,3032.0,4.0,0.09,0.75,2013
239,Thai,2385.0,2.0,0.05,0.22,,,,,2013
240,Nigerian,2376.0,2.0,0.05,0.22,,,,,2013
241,Filipino,1782.0,1.0,0.04,0.11,1719.0,1.0,0.05,0.19,2013
242,Singaporean Chinese,1691.0,2.0,0.04,0.22,,,,,2013
243,Val Borbera,1664.0,1.0,0.03,0.11,,,,,2013
244,Punjabi Sikh,1616.0,2.0,0.03,0.22,5713.0,2.0,0.17,0.37,2013
245,North Indian,1467.0,2.0,0.03,0.22,2075.0,2.0,0.06,0.37,2013
246,Sri Lankan Sinhalese,1154.0,4.0,0.02,0.45,,,,,2013
247,Hutterite,1144.0,1.0,0.02,0.11,,,,,2013
248,Old Order Amish,1025.0,2.0,0.02,0.22,,,,,2013
249,West African,932.0,2.0,0.02,0.22,,,,,2013
250,American Indian,836.0,4.0,0.02,0.45,2908.0,2.0,0.09,0.37,2013
251,Arab,826.0,4.0,0.02,0.45,878.0,7.0,0.03,1.31,2013
252,Amish,798.0,2.0,0.02,0.22,,,,,2013
253,South African,733.0,2.0,0.02,0.22,,,,,2013
254,Sardinian,683.0,1.0,0.01,0.11,,,,,2013
255,Iranian,352.0,2.0,0.01,0.22,573.0,1.0,0.02,0.19,2013
256,Southern Indian,229.0,2.0,0.0,0.22,,,,,2013
257,Tunisian,221.0,2.0,0.0,0.22,,,,,2013
258,Asian or Pacific Islander,167.0,2.0,0.0,0.22,,,,,2013
259,Asian,17.0,1.0,0.0,0.11,14935.0,7.0,0.44,1.31,2013
260,South Asian,,,,,42170.0,5.0,1.23,0.93,2013
261,African America/Afro Caribbean,,,,,27661.0,1.0,0.81,0.19,2013
262,European and East Asian,,,,,16093.0,2.0,0.47,0.37,2013
263,Sub Saharan African,,,,,4607.0,1.0,0.13,0.19,2013
264,Singaporean,,,,,3968.0,2.0,0.12,0.37,2013
265,Native Hawaiian,,,,,1277.0,2.0,0.04,0.37,2013
266,European and African Am.,,,,,656.0,1.0,0.02,0.19,2013
267,Fruili Venezia Giulia,,,,,619.0,1.0,0.02,0.19,2013
268,Costa Rican,,,,,592.0,1.0,0.02,0.19,2013
269,French Canadian,,,,,228.0,1.0,0.01,0.19,2013
270,Malaysian,,,,,212.0,2.0,0.01,0.37,2013
271,African America and European,,,,,68.0,1.0,0.0,0.19,2013
272,Latin American,,,,,66.0,1.0,0.0,0.19,2013
273,Black African,,,,,5.0,1.0,0.0,0.19,2013
274,Colored African,,,,,1.0,1.0,0.0,0.19,2013
275,European,3568180.0,482.0,80.7,55.66,1699822.0,275.0,67.65,58.64,2014
276,East Asian,200629.0,14.0,4.54,1.62,215418.0,14.0,8.57,2.99,2014
277,African Am.,109148.0,58.0,2.47,6.7,49623.0,24.0,1.97,5.12,2014
278,Korean,97503.0,37.0,2.21,4.27,39201.0,17.0,1.56,3.62,2014
279,Japanese,86768.0,31.0,1.96,3.58,99160.0,25.0,3.95,5.33,2014
280,Han Chinese,83785.0,49.0,1.89,5.66,270189.0,36.0,10.75,7.68,2014
281,African,57454.0,9.0,1.3,1.04,343.0,2.0,0.01,0.43,2014
282,Bangladeshi,33752.0,25.0,0.76,2.89,,,,,2014
283,South Asian,20019.0,2.0,0.45,0.23,,,,,2014
284,Chinese,19754.0,16.0,0.45,1.85,39088.0,16.0,1.56,3.41,2014
285,Asian,17366.0,6.0,0.39,0.69,4090.0,4.0,0.16,0.85,2014
286,Latino,14776.0,16.0,0.33,1.85,6614.0,2.0,0.26,0.43,2014
287,Mexican,13308.0,6.0,0.3,0.69,18051.0,7.0,0.72,1.49,2014
288,Hispanic,12573.0,20.0,0.28,2.31,3553.0,8.0,0.14,1.71,2014
289,Greenlandic,10230.0,4.0,0.23,0.46,3816.0,4.0,0.15,0.85,2014
290,Malay,7986.0,4.0,0.18,0.46,7309.0,3.0,0.29,0.64,2014
291,Mexican American,6319.0,4.0,0.14,0.46,,,,,2014
292,Ashkenazi Jewish,4724.0,4.0,0.11,0.46,4851.0,4.0,0.19,0.85,2014
293,Indian,4498.0,4.0,0.1,0.46,2026.0,1.0,0.08,0.21,2014
294,Old Order Amish,4474.0,10.0,0.1,1.15,6146.0,5.0,0.24,1.07,2014
295,South East Asian,4301.0,1.0,0.1,0.12,,,,,2014
296,European American,4108.0,1.0,0.09,0.12,,,,,2014
297,Latin American,3774.0,2.0,0.09,0.23,,,,,2014
298,Rucphen,3398.0,2.0,0.08,0.23,2807.0,3.0,0.11,0.64,2014
299,Lebanese,3286.0,2.0,0.07,0.23,,,,,2014
300,African Am./African Caribbean,3015.0,4.0,0.07,0.46,,,,,2014
301,African Am./Afro Caribbean,2546.0,6.0,0.06,0.69,,,,,2014
302,Vietnamese,2443.0,2.0,0.06,0.23,819.0,2.0,0.03,0.43,2014
303,Asian Indian,2124.0,1.0,0.05,0.12,4952.0,2.0,0.2,0.43,2014
304,Fruili Venezia Giulia,1952.0,2.0,0.04,0.23,,,,,2014
305,Punjabi Sikh,1616.0,2.0,0.04,0.23,2397.0,2.0,0.1,0.43,2014
306,Orcadian,1384.0,2.0,0.03,0.23,,,,,2014
307,Korkulan,1276.0,2.0,0.03,0.23,,,,,2014
308,North Indian,1225.0,2.0,0.03,0.23,1881.0,2.0,0.07,0.43,2014
309,South Tyrol,1223.0,2.0,0.03,0.23,,,,,2014
310,Tanzanian,1213.0,1.0,0.03,0.12,,,,,2014
311,Turkish,1200.0,4.0,0.03,0.46,319.0,1.0,0.01,0.21,2014
312,Surinamese,1156.0,4.0,0.03,0.46,284.0,1.0,0.01,0.21,2014
313,Southern European,1090.0,1.0,0.02,0.12,1296.0,1.0,0.05,0.21,2014
314,Moroccan,928.0,4.0,0.02,0.46,280.0,1.0,0.01,0.21,2014
315,Sorbian,824.0,1.0,0.02,0.12,,,,,2014
316,South African Black,637.0,2.0,0.01,0.23,,,,,2014
317,Native Hawaiian,622.0,2.0,0.01,0.23,,,,,2014
318,Hutterite,601.0,1.0,0.01,0.12,,,,,2014
319,Split,497.0,1.0,0.01,0.12,,,,,2014
320,Talana,470.0,1.0,0.01,0.12,450.0,1.0,0.02,0.21,2014
321,Cilento,421.0,1.0,0.01,0.12,,,,,2014
322,Silk Road,348.0,1.0,0.01,0.12,,,,,2014
323,Carlantino,280.0,1.0,0.01,0.12,,,,,2014
324,Oriental,90.0,1.0,0.0,0.12,,,,,2014
325,Russian,80.0,4.0,0.0,0.46,,,,,2014
326,Black,57.0,1.0,0.0,0.12,,,,,2014
327,Native American,8.0,1.0,0.0,0.12,,,,,2014
328,European and  Rucphen,,,,,22789.0,1.0,0.91,0.21,2014
329,She Chinese,,,,,3235.0,1.0,0.13,0.21,2014
330,Nepalese,,,,,981.0,2.0,0.04,0.43,2014
331,Brazilian,,,,,601.0,1.0,0.02,0.21,2014
332,Afro Caribbean and Sub Saharan African,,,,,321.0,1.0,0.01,0.21,2014
333,European,9942062.0,671.0,86.99,54.91,3657784.0,325.0,79.39,46.23,2015
334,Icelandic,418758.0,4.0,3.66,0.33,,,,,2015
335,South Asian,214343.0,9.0,1.88,0.74,126955.0,29.0,2.76,4.13,2015
336,East Asian,210688.0,28.0,1.84,2.29,357218.0,47.0,7.75,6.69,2015
337,African Am.,117814.0,78.0,1.03,6.38,47396.0,42.0,1.03,5.97,2015
338,Han Chinese,69064.0,41.0,0.6,3.36,112180.0,28.0,2.43,3.98,2015
339,Japanese,65386.0,36.0,0.57,2.95,51868.0,22.0,1.13,3.13,2015
340,Latin American,54109.0,11.0,0.47,0.9,,,,,2015
341,Korean,36113.0,33.0,0.32,2.7,25311.0,21.0,0.55,2.99,2015
342,African,33175.0,23.0,0.29,1.88,26720.0,20.0,0.58,2.84,2015
343,Northern European,30599.0,7.0,0.27,0.57,,,,,2015
344,Chinese,29778.0,17.0,0.26,1.39,56607.0,14.0,1.23,1.99,2015
345,Hispanic,22924.0,38.0,0.2,3.11,6906.0,21.0,0.15,2.99,2015
346,Italian,19395.0,9.0,0.17,0.74,,,,,2015
347,Sardinian,15934.0,4.0,0.14,0.33,6982.0,3.0,0.15,0.43,2015
348,Rucphen,14823.0,8.0,0.13,0.65,2507.0,2.0,0.05,0.28,2015
349,Pakistani,14131.0,1.0,0.12,0.08,,,,,2015
350,Singaporean Chinese,12249.0,18.0,0.11,1.47,,,,,2015
351,Western European,11043.0,3.0,0.1,0.25,253.0,1.0,0.01,0.14,2015
352,Hispanic American,8616.0,13.0,0.08,1.06,,,,,2015
353,Ashkenazi Jewish,6573.0,9.0,0.06,0.74,75.0,2.0,0.0,0.28,2015
354,Irish,6474.0,3.0,0.06,0.25,,,,,2015
355,Latino,6449.0,7.0,0.06,0.57,,,,,2015
356,Bangladeshi,5058.0,3.0,0.04,0.25,,,,,2015
357,Malay,4731.0,3.0,0.04,0.25,4530.0,2.0,0.1,0.28,2015
358,Black,4717.0,11.0,0.04,0.9,366.0,3.0,0.01,0.43,2015
359,Caribbean Hispanic,4514.0,2.0,0.04,0.16,786.0,2.0,0.02,0.28,2015
360,Asian,4204.0,14.0,0.04,1.15,1742.0,6.0,0.04,0.85,2015
361,Indian,4156.0,2.0,0.04,0.16,10048.0,10.0,0.22,1.42,2015
362,European American,3968.0,8.0,0.03,0.65,257.0,1.0,0.01,0.14,2015
363,Mexican American,3410.0,5.0,0.03,0.41,736.0,1.0,0.02,0.14,2015
364,Lebanese,3022.0,4.0,0.03,0.33,,,,,2015
365,Orcadian,2915.0,4.0,0.03,0.33,,,,,2015
366,Native American North American,2835.0,2.0,0.02,0.16,,,,,2015
367,Mexican,2746.0,4.0,0.02,0.33,,,,,2015
368,Val Borbera,2237.0,2.0,0.02,0.16,,,,,2015
369,Turkish,2010.0,6.0,0.02,0.49,3934.0,2.0,0.09,0.28,2015
370,American Indian,1714.0,4.0,0.01,0.33,1297.0,3.0,0.03,0.43,2015
371,Fruili Venezia Giulia,1495.0,2.0,0.01,0.16,,,,,2015
372,Punjabi Sikh,1387.0,1.0,0.01,0.08,2151.0,1.0,0.05,0.14,2015
373,Old Order Amish,1376.0,1.0,0.01,0.08,843.0,1.0,0.02,0.14,2015
374,Korkulan,1357.0,3.0,0.01,0.25,,,,,2015
375,Yoruban,960.0,2.0,0.01,0.16,87.0,1.0,0.0,0.14,2015
376,Taiwanese,947.0,2.0,0.01,0.16,,,,,2015
377,Puerto Rican,894.0,2.0,0.01,0.16,,,,,2015
378,Native American South American,875.0,2.0,0.01,0.16,,,,,2015
379,Carlantino,779.0,2.0,0.01,0.16,,,,,2015
380,Martu Australian Aboriginal,752.0,3.0,0.01,0.25,,,,,2015
381,Central European,744.0,1.0,0.01,0.08,,,,,2015
382,Native Hawaiian,658.0,2.0,0.01,0.16,,,,,2015
383,Cilento,627.0,1.0,0.01,0.08,,,,,2015
384,Costa Rican,506.0,2.0,0.0,0.16,,,,,2015
385,Middle Eastern/North African,482.0,4.0,0.0,0.33,,,,,2015
386,Taiwanese Han,470.0,2.0,0.0,0.16,,,,,2015
387,Brazilian,367.0,2.0,0.0,0.16,281.0,4.0,0.01,0.57,2015
388,Hutterite,311.0,3.0,0.0,0.25,,,,,2015
389,Asian American,170.0,2.0,0.0,0.16,43.0,1.0,0.0,0.14,2015
390,Thai,143.0,4.0,0.0,0.33,1615.0,4.0,0.04,0.57,2015
391,Indonesian,135.0,2.0,0.0,0.16,,,,,2015
392,Nepalese,99.0,2.0,0.0,0.16,202.0,2.0,0.0,0.28,2015
393,Uygur Chinese,83.0,1.0,0.0,0.08,,,,,2015
394,Dai Chinese,58.0,1.0,0.0,0.08,,,,,2015
395,Native American,53.0,2.0,0.0,0.16,,,,,2015
396,European and Mexican,41.0,2.0,0.0,0.16,,,,,2015
397,Asian or Pacific Islander,40.0,1.0,0.0,0.08,,,,,2015
398,Jingpo Chinese,40.0,1.0,0.0,0.08,,,,,2015
399,African and Asian,36.0,2.0,0.0,0.16,38.0,2.0,0.0,0.28,2015
400,Caucasian Eastern Mediterranean,26.0,2.0,0.0,0.16,,,,,2015
401,Native Hawaiian or Pacific,14.0,2.0,0.0,0.16,7.0,1.0,0.0,0.14,2015
402,Hui Chinese,11.0,1.0,0.0,0.08,,,,,2015
403,American,7.0,1.0,0.0,0.08,,,,,2015
404,Cape Verdian,4.0,2.0,0.0,0.16,,,,,2015
405,Native American or Alaska Native,4.0,2.0,0.0,0.16,4.0,1.0,0.0,0.14,2015
406,Isreali,2.0,2.0,0.0,0.16,,,,,2015
407,Surinamese,2.0,2.0,0.0,0.16,,,,,2015
408,Curacao,2.0,2.0,0.0,0.16,,,,,2015
409,Dominican Republic,2.0,2.0,0.0,0.16,,,,,2015
410,Afghanistan,2.0,2.0,0.0,0.16,,,,,2015
411,African Am./Afro Caribbean,,,,,51654.0,12.0,1.12,1.71,2015
412,Filipino,,,,,11647.0,14.0,0.25,1.99,2015
413,African Am. or Afro Caribbean,,,,,8755.0,2.0,0.19,0.28,2015
414,Silk Road,,,,,5017.0,11.0,0.11,1.56,2015
415,Sub Saharan African,,,,,4637.0,2.0,0.1,0.28,2015
416,Southern Indian,,,,,4600.0,2.0,0.1,0.28,2015
417,Russian,,,,,3950.0,2.0,0.09,0.28,2015
418,Seychellois,,,,,3258.0,14.0,0.07,1.99,2015
419,Iranian,,,,,2122.0,6.0,0.05,0.85,2015
420,Middle Eastern,,,,,1455.0,2.0,0.03,0.28,2015
421,Sorbian,,,,,923.0,1.0,0.02,0.14,2015
422,Hispanic/Latin American,,,,,816.0,2.0,0.02,0.28,2015
423,South African Black,,,,,481.0,2.0,0.01,0.28,2015
424,European and Hispanic,,,,,430.0,2.0,0.01,0.28,2015
425,Uyghur,,,,,99.0,2.0,0.0,0.28,2015
426,Aboriginal Canadian,,,,,15.0,2.0,0.0,0.28,2015
427,European,24576365.0,708.0,86.17,49.1,4614432.0,253.0,75.32,45.02,2016
428,British,1725689.0,25.0,6.05,1.73,,,,,2016
429,African Am.,493422.0,153.0,1.73,10.61,165349.0,54.0,2.7,9.61,2016
430,East Asian,389190.0,40.0,1.36,2.77,228267.0,23.0,3.73,4.09,2016
431,Finnish,223994.0,50.0,0.79,3.47,19842.0,3.0,0.32,0.53,2016
432,South Asian,128550.0,12.0,0.45,0.83,144976.0,14.0,2.37,2.49,2016
433,Hispanic,124304.0,37.0,0.44,2.57,37507.0,18.0,0.61,3.2,2016
434,Japanese,99642.0,41.0,0.35,2.84,33544.0,19.0,0.55,3.38,2016
435,Hispanic or Latino,83557.0,4.0,0.29,0.28,,,,,2016
436,Latin American,63936.0,13.0,0.22,0.9,824.0,3.0,0.01,0.53,2016
437,Han Chinese,60492.0,34.0,0.21,2.36,79123.0,18.0,1.29,3.2,2016
438,Latino,60375.0,11.0,0.21,0.76,7370.0,4.0,0.12,0.71,2016
439,Hispanic/Latin American,48102.0,6.0,0.17,0.42,7170.0,1.0,0.12,0.18,2016
440,Hispanic/Latino American,45372.0,6.0,0.16,0.42,,,,,2016
441,European American,41943.0,22.0,0.15,1.53,8157.0,1.0,0.13,0.18,2016
442,Chinese,35359.0,19.0,0.12,1.32,76437.0,27.0,1.25,4.8,2016
443,Korean,34920.0,24.0,0.12,1.66,46508.0,12.0,0.76,2.14,2016
444,African,31193.0,16.0,0.11,1.11,20404.0,7.0,0.33,1.25,2016
445,Pakistani,24479.0,10.0,0.09,0.69,,,,,2016
446,German,19446.0,3.0,0.07,0.21,477.0,2.0,0.01,0.36,2016
447,French,18714.0,10.0,0.07,0.69,,,,,2016
448,Mexican,17532.0,4.0,0.06,0.28,,,,,2016
449,Saudi Arab,17030.0,8.0,0.06,0.55,7352.0,10.0,0.12,1.78,2016
450,Swedish,14624.0,11.0,0.05,0.76,950.0,2.0,0.02,0.36,2016
451,Northwestern European,13483.0,2.0,0.05,0.14,2942.0,2.0,0.05,0.36,2016
452,Rucphen,13026.0,8.0,0.05,0.55,1731.0,1.0,0.03,0.18,2016
453,Indian Asian,10683.0,3.0,0.04,0.21,39703.0,4.0,0.65,0.71,2016
454,Val Borbera,7740.0,8.0,0.03,0.55,,,,,2016
455,Old Order Amish,6990.0,18.0,0.02,1.25,,,,,2016
456,Asian,6883.0,22.0,0.02,1.53,67035.0,11.0,1.09,1.96,2016
457,Mainland Hispanic/Latino,6734.0,1.0,0.02,0.07,,,,,2016
458,African British,6087.0,3.0,0.02,0.21,,,,,2016
459,Indian,5740.0,7.0,0.02,0.49,19092.0,6.0,0.31,1.07,2016
460,Norwegian,5704.0,6.0,0.02,0.42,,,,,2016
461,Caribbean Hispanic/Latino,5458.0,1.0,0.02,0.07,,,,,2016
462,Mexican American,4994.0,5.0,0.02,0.35,,,,,2016
463,Southern Chinese,4582.0,3.0,0.02,0.21,11058.0,3.0,0.18,0.53,2016
464,Polish,3982.0,9.0,0.01,0.62,1810.0,9.0,0.03,1.6,2016
465,Northern European,3126.0,3.0,0.01,0.21,16962.0,3.0,0.28,0.53,2016
466,Samoan,3072.0,1.0,0.01,0.07,2102.0,1.0,0.03,0.18,2016
467,Spanish,2988.0,6.0,0.01,0.42,1397.0,4.0,0.02,0.71,2016
468,Orcadian,2966.0,5.0,0.01,0.35,,,,,2016
469,Sereer,2640.0,5.0,0.01,0.35,,,,,2016
470,European and East Asian,2563.0,1.0,0.01,0.07,20129.0,2.0,0.33,0.36,2016
471,Malay,2256.0,1.0,0.01,0.07,,,,,2016
472,Black,2180.0,5.0,0.01,0.35,,,,,2016
473,Dutch,1900.0,2.0,0.01,0.14,,,,,2016
474,Hispanic American,1734.0,2.0,0.01,0.14,,,,,2016
475,Latino American,1413.0,2.0,0.0,0.14,1242.0,2.0,0.02,0.36,2016
476,Japanese American,1348.0,2.0,0.0,0.14,,,,,2016
477,Cilento,1115.0,1.0,0.0,0.07,,,,,2016
478,Indo European,1109.0,1.0,0.0,0.07,3725.0,1.0,0.06,0.18,2016
479,Moroccan,923.0,5.0,0.0,0.35,967.0,2.0,0.02,0.36,2016
480,Ogliastran,897.0,1.0,0.0,0.07,,,,,2016
481,Fruili Venezia Giulia,843.0,1.0,0.0,0.07,,,,,2016
482,Uyghur,721.0,1.0,0.0,0.07,709.0,2.0,0.01,0.36,2016
483,Tyrolean,696.0,1.0,0.0,0.07,,,,,2016
484,Mixed,684.0,1.0,0.0,0.07,,,,,2016
485,Carlantino,651.0,2.0,0.0,0.14,,,,,2016
486,Native Hawaiian,622.0,2.0,0.0,0.14,,,,,2016
487,Korkulan,610.0,1.0,0.0,0.07,,,,,2016
488,European American and Mexican American,540.0,1.0,0.0,0.07,,,,,2016
489,Italian,458.0,2.0,0.0,0.14,,,,,2016
490,Sardinian,456.0,1.0,0.0,0.07,6226.0,2.0,0.1,0.36,2016
491,Turkish,420.0,1.0,0.0,0.07,,,,,2016
492,Ethiopian,402.0,2.0,0.0,0.14,244.0,2.0,0.0,0.36,2016
493,Surinamese,395.0,1.0,0.0,0.07,,,,,2016
494,French Canadian,360.0,2.0,0.0,0.14,603.0,2.0,0.01,0.36,2016
495,Portuguese,221.0,2.0,0.0,0.14,525.0,2.0,0.01,0.36,2016
496,Sub Saharan African,176.0,6.0,0.0,0.42,1033.0,4.0,0.02,0.71,2016
497,Taiwanese,157.0,2.0,0.0,0.14,,,,,2016
498,Han Chinese American,96.0,1.0,0.0,0.07,,,,,2016
499,Asian American,51.0,1.0,0.0,0.07,627.0,1.0,0.01,0.18,2016
500,Hispanic/Latino,34.0,1.0,0.0,0.07,,,,,2016
501,Brazilian,18.0,2.0,0.0,0.14,,,,,2016
502,South East Asian,2.0,2.0,0.0,0.14,,,,,2016
503,Icelandic,,,,,300945.0,2.0,4.91,0.36,2016
504,European and African Am.,,,,,98334.0,6.0,1.61,1.07,2016
505,African Am./Afro Caribbean,,,,,10781.0,4.0,0.18,0.71,2016
506,Mexican/Latino,,,,,8214.0,2.0,0.13,0.36,2016
507,Singaporean Chinese,,,,,3580.0,2.0,0.06,0.36,2016
508,Polynesian,,,,,1536.0,2.0,0.03,0.36,2016
509,Filipino,,,,,1449.0,1.0,0.02,0.18,2016
510,Jamaican,,,,,1089.0,2.0,0.02,0.36,2016
511,Afro Caribbean,,,,,962.0,1.0,0.02,0.18,2016
512,Sorbian,,,,,659.0,1.0,0.01,0.18,2016
513,Nepalese,,,,,295.0,2.0,0.0,0.36,2016
514,European,23506141.0,1064.0,76.43,45.68,11281395.0,382.0,87.84,45.69,2017
515,British,2673952.0,27.0,8.69,1.16,,,,,2017
516,Finnish,690476.0,96.0,2.24,4.12,50597.0,15.0,0.39,1.79,2017
517,Icelandic,500092.0,4.0,1.63,0.17,24045.0,13.0,0.19,1.56,2017
518,East Asian,408046.0,46.0,1.33,1.98,286612.0,24.0,2.23,2.87,2017
519,Japanese,400211.0,65.0,1.3,2.79,246883.0,36.0,1.92,4.31,2017
520,African Am.,302502.0,164.0,0.98,7.04,259545.0,84.0,2.02,10.05,2017
521,Hispanic/Latino,288517.0,57.0,0.94,2.45,62435.0,12.0,0.49,1.44,2017
522,African,249528.0,50.0,0.81,2.15,40761.0,17.0,0.32,2.03,2017
523,Hispanic,249299.0,77.0,0.81,3.31,76583.0,18.0,0.6,2.15,2017
524,African Am./Afro Caribbean,158472.0,30.0,0.52,1.29,38172.0,30.0,0.3,3.59,2017
525,Korean,134825.0,37.0,0.44,1.59,86425.0,28.0,0.67,3.35,2017
526,Indian Asian,104136.0,30.0,0.34,1.29,,,,,2017
527,Indian,103992.0,32.0,0.34,1.37,8682.0,3.0,0.07,0.36,2017
528,South Asian,89084.0,12.0,0.29,0.52,29869.0,3.0,0.23,0.36,2017
529,European and Asian,79845.0,2.0,0.26,0.09,37930.0,1.0,0.3,0.12,2017
530,Chinese,73704.0,29.0,0.24,1.25,67110.0,20.0,0.52,2.39,2017
531,Taiwanese Han Chinese,72100.0,14.0,0.23,0.6,,,,,2017
532,Hispanic/Latino American,70854.0,6.0,0.23,0.26,43200.0,6.0,0.34,0.72,2017
533,Dutch,69689.0,11.0,0.23,0.47,20367.0,3.0,0.16,0.36,2017
534,Pomak,62803.0,41.0,0.2,1.76,,,,,2017
535,Mylopotamos,56096.0,41.0,0.18,1.76,,,,,2017
536,Han Chinese,54982.0,66.0,0.18,2.83,75209.0,34.0,0.59,4.07,2017
537,Swedish,53366.0,12.0,0.17,0.52,5262.0,1.0,0.04,0.12,2017
538,Filipino,43496.0,30.0,0.14,1.29,80.0,2.0,0.0,0.24,2017
539,European and South Asian,30482.0,2.0,0.1,0.09,,,,,2017
540,German,20090.0,12.0,0.07,0.52,5092.0,2.0,0.04,0.24,2017
541,Orcadian,18713.0,10.0,0.06,0.43,,,,,2017
542,Latin American,17120.0,4.0,0.06,0.17,,,,,2017
543,Val Borbera,15227.0,9.0,0.05,0.39,,,,,2017
544,Fruili Venezia Giulia,9024.0,10.0,0.03,0.43,,,,,2017
545,Rucphen,8982.0,4.0,0.03,0.17,,,,,2017
546,Asian Indian,8765.0,1.0,0.03,0.04,2139.0,2.0,0.02,0.24,2017
547,Asian,8312.0,31.0,0.03,1.33,35871.0,12.0,0.28,1.44,2017
548,African Am. and African,8298.0,2.0,0.03,0.09,,,,,2017
549,Mexican American,8118.0,17.0,0.03,0.73,5653.0,13.0,0.04,1.56,2017
550,Ugandan,7543.0,7.0,0.02,0.3,,,,,2017
551,Austrian,7407.0,9.0,0.02,0.39,,,,,2017
552,Latino,6396.0,6.0,0.02,0.26,6373.0,3.0,0.05,0.36,2017
553,Puerto Rican,6202.0,7.0,0.02,0.3,,,,,2017
554,Bangladeshi,6055.0,3.0,0.02,0.13,,,,,2017
555,Carlantino,5025.0,13.0,0.02,0.56,,,,,2017
556,Latino or African,4658.0,9.0,0.02,0.39,,,,,2017
557,Sardinian,4421.0,2.0,0.01,0.09,1905.0,2.0,0.01,0.24,2017
558,Pima Indian,3584.0,10.0,0.01,0.43,3199.0,2.0,0.02,0.24,2017
559,Danish,3360.0,2.0,0.01,0.09,13248.0,4.0,0.1,0.48,2017
560,Tibetan,3008.0,1.0,0.01,0.04,,,,,2017
561,Northern European,2734.0,2.0,0.01,0.09,,,,,2017
562,Gambian,2698.0,2.0,0.01,0.09,,,,,2017
563,Korkulan,2667.0,3.0,0.01,0.13,,,,,2017
564,Malay,2603.0,2.0,0.01,0.09,,,,,2017
565,West African,2502.0,3.0,0.01,0.13,1411.0,1.0,0.01,0.12,2017
566,Polish,2431.0,4.0,0.01,0.17,,,,,2017
567,Celtic,2307.0,1.0,0.01,0.04,,,,,2017
568,Old Order Amish,2233.0,3.0,0.01,0.13,,,,,2017
569,Oceania,2229.0,2.0,0.01,0.09,,,,,2017
570,Sub Saharan African,2111.0,13.0,0.01,0.56,836.0,10.0,0.01,1.2,2017
571,Black,2078.0,1.0,0.01,0.04,,,,,2017
572,Sirente,2002.0,7.0,0.01,0.3,,,,,2017
573,Black Hispanic,1940.0,4.0,0.01,0.17,,,,,2017
574,Brazilian,1910.0,4.0,0.01,0.17,14392.0,8.0,0.11,0.96,2017
575,Mexican,1602.0,4.0,0.01,0.17,840.0,2.0,0.01,0.24,2017
576,Thai,1451.0,2.0,0.0,0.09,845.0,2.0,0.01,0.24,2017
577,African and Asian,1398.0,6.0,0.0,0.26,,,,,2017
578,African and African Arab,1215.0,4.0,0.0,0.17,,,,,2017
579,Slavic,1102.0,1.0,0.0,0.04,,,,,2017
580,Latin/South American,1050.0,2.0,0.0,0.09,,,,,2017
581,European American,1027.0,1.0,0.0,0.04,,,,,2017
582,Amish,1026.0,2.0,0.0,0.09,,,,,2017
583,Indo European,1001.0,1.0,0.0,0.04,2403.0,2.0,0.02,0.24,2017
584,African Arab,853.0,4.0,0.0,0.17,,,,,2017
585,Sorbian,848.0,1.0,0.0,0.04,,,,,2017
586,Ethiopian,493.0,4.0,0.0,0.17,189.0,4.0,0.0,0.48,2017
587,Split,489.0,1.0,0.0,0.04,,,,,2017
588,South East Asian,476.0,2.0,0.0,0.09,,,,,2017
589,Italian,411.0,1.0,0.0,0.04,45.0,2.0,0.0,0.24,2017
590,Japanese American,349.0,1.0,0.0,0.04,,,,,2017
591,North African,329.0,7.0,0.0,0.3,448.0,7.0,0.0,0.84,2017
592,Fijian Indian,319.0,2.0,0.0,0.09,,,,,2017
593,Greater Middle Eastern,281.0,2.0,0.0,0.09,,,,,2017
594,American Indian,258.0,1.0,0.0,0.04,,,,,2017
595,French Canadian,251.0,1.0,0.0,0.04,1312.0,3.0,0.01,0.36,2017
596,Hispanic/Native American,237.0,1.0,0.0,0.04,,,,,2017
597,Isreali Arab,230.0,4.0,0.0,0.17,,,,,2017
598,Hispanic/Native,164.0,1.0,0.0,0.04,,,,,2017
599,Native American,117.0,3.0,0.0,0.13,,,,,2017
600,European/Asian,27.0,2.0,0.0,0.09,74.0,2.0,0.0,0.24,2017
601,Arab,10.0,2.0,0.0,0.09,1242.0,6.0,0.01,0.72,2017
602,Middle Eastern,1.0,1.0,0.0,0.04,589.0,2.0,0.0,0.24,2017
603,Indigenous Mexican,,,,,1178.0,2.0,0.01,0.24,2017
604,Dravidian,,,,,1015.0,2.0,0.01,0.24,2017
605,Hispanic/Latin American,,,,,636.0,2.0,0.0,0.24,2017
606,Mongolian,,,,,542.0,2.0,0.0,0.24,2017
607,Mayan,,,,,475.0,2.0,0.0,0.24,2017
608,Hispanic and Native American,,,,,282.0,1.0,0.0,0.12,2017
609,French,,,,,276.0,1.0,0.0,0.12,2017
610,South African,,,,,2.0,1.0,0.0,0.12,2017
611,European,76093982.0,1206.0,80.17,46.28,13448317.0,310.0,62.84,32.77,2018
612,British,6755385.0,48.0,7.12,1.84,1207049.0,7.0,5.64,0.74,2018
613,Japanese,6100167.0,250.0,6.43,9.59,862612.0,89.0,4.03,9.41,2018
614,Icelandic,1884627.0,13.0,1.99,0.5,1341979.0,15.0,6.27,1.59,2018
615,African,713382.0,52.0,0.75,2.0,80820.0,24.0,0.38,2.54,2018
616,European or East Asian,529946.0,4.0,0.56,0.15,,,,,2018
617,East Asian,525159.0,65.0,0.55,2.49,408970.0,34.0,1.91,3.59,2018
618,African Am.,507350.0,182.0,0.53,6.98,58736.0,56.0,0.27,5.92,2018
619,Hispanic,495036.0,79.0,0.52,3.03,273068.0,62.0,1.28,6.55,2018
620,Asian,306210.0,91.0,0.32,3.49,3401482.0,64.0,15.89,6.77,2018
621,Korean,134804.0,41.0,0.14,1.57,46413.0,16.0,0.22,1.69,2018
622,African Am. or Afro Caribbean,124245.0,12.0,0.13,0.46,217.0,1.0,0.0,0.11,2018
623,South Asian,73730.0,25.0,0.08,0.96,27714.0,9.0,0.13,0.95,2018
624,Han Chinese,70605.0,45.0,0.07,1.73,87968.0,64.0,0.41,6.77,2018
625,Hispanic or Latin American,55030.0,16.0,0.06,0.61,,,,,2018
626,Spanish,50790.0,16.0,0.05,0.61,,,,,2018
627,Chinese,42976.0,32.0,0.05,1.23,31795.0,50.0,0.15,5.29,2018
628,Hispanic/Latino,41877.0,8.0,0.04,0.31,,,,,2018
629,Tibetan,41404.0,57.0,0.04,2.19,,,,,2018
630,French,28360.0,53.0,0.03,2.03,,,,,2018
631,European American,26458.0,9.0,0.03,0.35,381.0,2.0,0.0,0.21,2018
632,Northern European,25195.0,7.0,0.03,0.27,,,,,2018
633,French Canadian,25143.0,12.0,0.03,0.46,,,,,2018
634,European and African Am.,22504.0,1.0,0.02,0.04,,,,,2018
635,Native American,16177.0,8.0,0.02,0.31,,,,,2018
636,Uyghur,15989.0,45.0,0.02,1.73,3762.0,44.0,0.02,4.65,2018
637,Latin American,15967.0,13.0,0.02,0.5,,,,,2018
638,Filipino,14120.0,8.0,0.01,0.31,,,,,2018
639,Finnish,13975.0,17.0,0.01,0.65,7809.0,2.0,0.04,0.21,2018
640,Black,13577.0,6.0,0.01,0.23,1216.0,2.0,0.01,0.21,2018
641,Latino,12363.0,3.0,0.01,0.12,6147.0,7.0,0.03,0.74,2018
642,Danish,11154.0,6.0,0.01,0.23,19968.0,4.0,0.09,0.42,2018
643,African British,10206.0,4.0,0.01,0.15,16998.0,5.0,0.08,0.53,2018
644,Greek,9118.0,10.0,0.01,0.38,,,,,2018
645,Yoruban,8136.0,8.0,0.01,0.31,,,,,2018
646,Sub Saharan African,7225.0,7.0,0.01,0.27,9571.0,11.0,0.04,1.16,2018
647,German,7037.0,4.0,0.01,0.15,,,,,2018
648,Irish,6696.0,3.0,0.01,0.12,,,,,2018
649,Kuwaiti,5412.0,4.0,0.01,0.15,4704.0,4.0,0.02,0.42,2018
650,Rucphen,5220.0,2.0,0.01,0.08,,,,,2018
651,Mexican,4736.0,3.0,0.0,0.12,,,,,2018
652,Scottish,4666.0,2.0,0.0,0.08,,,,,2018
653,Malay,4550.0,2.0,0.0,0.08,1766.0,16.0,0.01,1.69,2018
654,Indian,4220.0,2.0,0.0,0.08,4878.0,20.0,0.02,2.11,2018
655,Scandinavian,4062.0,8.0,0.0,0.31,,,,,2018
656,Bangladeshi,4032.0,6.0,0.0,0.23,,,,,2018
657,African Am. or European,3807.0,4.0,0.0,0.15,,,,,2018
658,Pakistani,3650.0,2.0,0.0,0.08,,,,,2018
659,Dutch,3589.0,9.0,0.0,0.35,10137.0,3.0,0.05,0.32,2018
660,Latino American,3499.0,2.0,0.0,0.08,,,,,2018
661,Hispanic American,3485.0,1.0,0.0,0.04,,,,,2018
662,Thai,3135.0,4.0,0.0,0.15,383.0,2.0,0.0,0.21,2018
663,Swedish,3126.0,1.0,0.0,0.04,154.0,1.0,0.0,0.11,2018
664,Kenyan,2857.0,2.0,0.0,0.08,,,,,2018
665,Fruili Venezia Giulia,2126.0,10.0,0.0,0.38,,,,,2018
666,Middle Eastern,2107.0,2.0,0.0,0.08,,,,,2018
667,Quebec,1943.0,2.0,0.0,0.08,,,,,2018
668,Tanzanian,1828.0,4.0,0.0,0.15,,,,,2018
669,Croatian,1797.0,3.0,0.0,0.12,605.0,2.0,0.0,0.21,2018
670,Taiwanese,1186.0,5.0,0.0,0.19,,,,,2018
671,Ugandan,1040.0,2.0,0.0,0.08,,,,,2018
672,Talana,1018.0,2.0,0.0,0.08,,,,,2018
673,Greek and,1010.0,2.0,0.0,0.08,,,,,2018
674,Korkulan,806.0,1.0,0.0,0.04,,,,,2018
675,Arab,502.0,2.0,0.0,0.08,,,,,2018
676,American,408.0,1.0,0.0,0.04,,,,,2018
677,South Indian,390.0,2.0,0.0,0.08,,,,,2018
678,Venezuelan,374.0,1.0,0.0,0.04,,,,,2018
679,Maghrebian,346.0,2.0,0.0,0.08,,,,,2018
680,South African Coloured,275.0,2.0,0.0,0.08,,,,,2018
681,European Tis/T,209.0,1.0,0.0,0.04,414.0,1.0,0.0,0.11,2018
682,Hispanic Caucasian,136.0,2.0,0.0,0.08,,,,,2018
683,Maya,92.0,2.0,0.0,0.08,,,,,2018
684,Brazilian,84.0,2.0,0.0,0.08,9017.0,4.0,0.04,0.42,2018
685,South East Asian,59.0,2.0,0.0,0.08,771.0,2.0,0.0,0.21,2018
686,Asian American,40.0,5.0,0.0,0.19,424.0,2.0,0.0,0.21,2018
687,Alaskan,28.0,14.0,0.0,0.54,,,,,2018
688,Native Hawaiian,14.0,14.0,0.0,0.54,,,,,2018
689,American Indian,1.0,1.0,0.0,0.04,,,,,2018
690,Mexican American,,,,,8076.0,2.0,0.04,0.21,2018
691,African Caribbean,,,,,7480.0,2.0,0.03,0.21,2018
692,Hispanic / Latino,,,,,2826.0,1.0,0.01,0.11,2018
693,Afro Caribbean,,,,,2709.0,2.0,0.01,0.21,2018
694,Black African,,,,,1552.0,2.0,0.01,0.21,2018
695,Singaporean Indian,,,,,1520.0,1.0,0.01,0.11,2018
696,East Asian or Asian,,,,,72.0,1.0,0.0,0.11,2018
697,European,55622926.0,605.0,84.4,47.12,10445367.0,184.0,77.28,40.26,2019
698,British,5158069.0,35.0,7.83,2.73,809571.0,13.0,5.99,2.84,2019
699,African Am.,919027.0,135.0,1.39,10.51,51310.0,35.0,0.38,7.66,2019
700,Japanese,666037.0,18.0,1.01,1.4,7957.0,6.0,0.06,1.31,2019
701,East Asian,642677.0,15.0,0.98,1.17,55484.0,21.0,0.41,4.6,2019
702,Hispanic/Latino,502078.0,36.0,0.76,2.8,,,,,2019
703,European American,402684.0,3.0,0.61,0.23,,,,,2019
704,European and South Asian,382181.0,3.0,0.58,0.23,,,,,2019
705,European and East Asian,232379.0,4.0,0.35,0.31,,,,,2019
706,Asian,231644.0,81.0,0.35,6.31,1347119.0,32.0,9.97,7.0,2019
707,Korean,192529.0,40.0,0.29,3.12,74650.0,19.0,0.55,4.16,2019
708,Finnish,175585.0,28.0,0.27,2.18,,,,,2019
709,South Asian,109346.0,10.0,0.17,0.78,19813.0,13.0,0.15,2.84,2019
710,Danish,68015.0,4.0,0.1,0.31,,,,,2019
711,Hispanic,67671.0,39.0,0.1,3.04,316513.0,44.0,2.34,9.63,2019
712,European and Hispanic/Latino,62916.0,3.0,0.1,0.23,,,,,2019
713,Icelandic,62858.0,10.0,0.1,0.78,247650.0,5.0,1.83,1.09,2019
714,Native Hawaiian,49887.0,23.0,0.08,1.79,,,,,2019
715,Hispanic or Latin American,49293.0,17.0,0.07,1.32,,,,,2019
716,Han Chinese,44014.0,12.0,0.07,0.93,15813.0,8.0,0.12,1.75,2019
717,Latin American,43652.0,7.0,0.07,0.55,,,,,2019
718,Sub Saharan African,37280.0,18.0,0.06,1.4,,,,,2019
719,Latino American,28287.0,3.0,0.04,0.23,,,,,2019
720,Hispanic or Latino,26344.0,1.0,0.04,0.08,,,,,2019
721,Chinese,14460.0,8.0,0.02,0.62,1422.0,1.0,0.01,0.22,2019
722,Native American,13629.0,37.0,0.02,2.88,,,,,2019
723,European and Rankin,10617.0,4.0,0.02,0.31,,,,,2019
724,Taiwanese,9939.0,2.0,0.02,0.16,,,,,2019
725,African Am. Afro Caribbean,9518.0,2.0,0.01,0.16,,,,,2019
726,Rucphen,8885.0,4.0,0.01,0.31,,,,,2019
727,Mexican American,8816.0,3.0,0.01,0.23,,,,,2019
728,Latina,8801.0,2.0,0.01,0.16,,,,,2019
729,Japaneses,6349.0,1.0,0.01,0.08,,,,,2019
730,African,5949.0,5.0,0.01,0.39,3073.0,1.0,0.02,0.22,2019
731,Croatian,5312.0,7.0,0.01,0.55,,,,,2019
732,Hispanic American,5298.0,6.0,0.01,0.47,,,,,2019
733,Indian,4144.0,4.0,0.01,0.31,,,,,2019
734,East Asian American,2740.0,3.0,0.0,0.23,,,,,2019
735,Turkish,1828.0,2.0,0.0,0.16,,,,,2019
736,South African,1630.0,8.0,0.0,0.62,,,,,2019
737,Korkulan,1529.0,3.0,0.0,0.23,,,,,2019
738,Iranian,1176.0,2.0,0.0,0.16,,,,,2019
739,Chilean Latino,1095.0,2.0,0.0,0.16,1643.0,2.0,0.01,0.44,2019
740,Ashkenazi Jewish,790.0,2.0,0.0,0.16,,,,,2019
741,Egyptian,631.0,2.0,0.0,0.16,574.0,2.0,0.0,0.44,2019
742,Malay,423.0,4.0,0.0,0.31,,,,,2019
743,European  Mediterranean,418.0,2.0,0.0,0.16,,,,,2019
744,South Asian American,379.0,3.0,0.0,0.23,,,,,2019
745,Thai,318.0,2.0,0.0,0.16,,,,,2019
746,Tiwi Islander,249.0,1.0,0.0,0.08,497.0,1.0,0.0,0.22,2019
747,Latino,228.0,2.0,0.0,0.16,2963.0,1.0,0.02,0.22,2019
748,African Am. or African,55.0,1.0,0.0,0.08,,,,,2019
749,Pacific Islander,33.0,3.0,0.0,0.23,,,,,2019
750,South East Asian,33.0,1.0,0.0,0.08,,,,,2019
751,American Indian/Alaskan Native,7.0,1.0,0.0,0.08,,,,,2019
752,Mixed,4.0,1.0,0.0,0.08,,,,,2019
753,Arabic/North African,3.0,1.0,0.0,0.08,,,,,2019
754,Chilean,2.0,2.0,0.0,0.16,,,,,2019
755,Central/South Asian,1.0,1.0,0.0,0.08,,,,,2019
756,African Am. or Afro Caribbean,,,,,58527.0,30.0,0.43,6.56,2019
757,Brazilian,,,,,38820.0,18.0,0.29,3.94,2019
758,South African Black,,,,,9636.0,12.0,0.07,2.63,2019
759,Caribbean,,,,,3799.0,1.0,0.03,0.22,2019
760,Fruili Venezia Giulia,,,,,2943.0,3.0,0.02,0.66,2019
761,Carlantino,,,,,1173.0,3.0,0.01,0.66,2019
762,Northeast Asian,,,,,204.0,2.0,0.0,0.44,2019
