,Other measurement,Cancer,Neurological disorder,Other disease,Lipid or lipoprotein measurement,Metabolic disorder,Response to drug,Cardiovascular disease,Biological process,Body measurement,Other trait,Immune system disorder,Cardiovascular measurement,Digestive system disorder,Hematological measurement,Inflammatory measurement,Liver enzyme measurement
European,843,293,254,190,98,115,129,151,106,143,132,125,111,71,65,14,8
Asian,424,145,105,102,124,144,58,69,67,48,66,77,40,43,20,3,6
African Am./Caribbean,148,32,36,21,37,15,37,24,53,53,15,4,25,3,10,1,0
In Part Not Recorded,134,39,84,49,14,19,34,20,13,18,20,21,13,11,10,1,5
Hispanic/Latin American,115,18,11,26,38,15,28,14,25,5,14,1,11,5,15,2,0
Other/Mixed,73,28,27,16,13,14,20,26,11,7,16,10,13,10,6,1,0
African,32,5,10,24,11,2,16,4,9,10,4,3,3,9,2,2,0
