,Other measurement,Cancer,Neurological disorder,Other disease,Lipid or lipoprotein measurement,Response to drug,Metabolic disorder,Cardiovascular disease,Body measurement,Biological process,Other trait,Immune system disorder,Cardiovascular measurement,Digestive system disorder,Hematological measurement,Inflammatory measurement,Liver enzyme measurement
European,916,293,256,190,125,131,115,153,150,106,134,126,112,71,70,15,8
Asian,443,146,108,102,136,58,144,69,48,67,66,77,40,45,20,3,6
African Am./Caribbean,151,32,36,21,37,39,16,26,53,53,15,4,25,3,10,1,0
In Part Not Recorded,134,39,84,49,14,34,19,20,18,13,20,22,13,11,10,1,5
Hispanic/Latin American,129,18,11,26,50,28,15,14,5,25,14,1,11,5,15,2,0
Other/Mixed,73,28,27,16,13,20,14,26,7,11,16,10,13,10,6,1,0
African,46,5,10,24,23,16,2,4,10,9,4,3,3,9,2,2,0
