,Other measurement,Neurological disorder,Response to drug,Cancer,Lipid or lipoprotein measurement,Other disease,Other trait,Biological process,Body measurement,Cardiovascular disease,Immune system disorder,Cardiovascular measurement,Metabolic disorder,Hematological measurement,Digestive system disorder,Inflammatory measurement,Liver enzyme measurement
European,2541,836,412,556,397,391,378,327,235,270,271,203,221,173,187,57,23
Asian,722,185,180,159,171,150,129,97,135,98,93,73,87,53,82,10,19
In Part Not Recorded,389,174,100,69,53,70,61,50,40,70,54,35,41,30,18,12,7
African Am./Caribbean,350,81,103,39,56,69,37,76,83,35,8,42,31,46,12,7,1
Hispanic/Latin American,351,19,46,21,92,58,39,53,57,29,13,42,17,23,18,8,6
Other/Mixed,209,53,61,17,25,46,29,29,39,59,11,34,15,12,12,4,1
African,105,28,30,11,42,29,18,4,3,12,11,20,4,46,12,4,0
