,Other measurement,Cancer,Neurological disorder,Other disease,Lipid or lipoprotein measurement,Metabolic disorder,Cardiovascular disease,Response to drug,Biological process,Body measurement,Other trait,Immune system disorder,Cardiovascular measurement,Digestive system disorder,Hematological measurement,Inflammatory measurement,Liver enzyme measurement
European,790,280,249,189,98,111,148,114,103,129,127,124,109,68,56,13,8
Asian,417,144,102,101,122,138,69,55,66,43,63,71,40,41,20,3,6
In Part Not Recorded,130,39,84,49,14,19,20,34,13,18,20,21,13,11,10,1,5
African Am./Caribbean,134,32,33,20,37,13,24,32,50,53,14,4,25,3,10,1,0
Hispanic/Latin American,111,18,11,26,38,15,14,26,25,5,14,1,10,5,15,2,0
Other/Mixed,73,28,26,16,13,14,26,20,11,7,16,10,13,10,6,1,0
African,32,4,10,24,11,1,4,16,9,10,4,3,3,9,2,2,0
