,Other measurement,Neurological disorder,Response to drug,Cancer,Other disease,Lipid or lipoprotein measurement,Other trait,Biological process,Body measurement,Cardiovascular disease,Cardiovascular measurement,Immune system disorder,Metabolic disorder,Hematological measurement,Digestive system disorder,Inflammatory measurement,Liver enzyme measurement
European,2318,766,389,534,377,355,336,300,221,261,197,253,214,159,182,55,21
Asian,686,176,172,158,145,143,128,97,133,97,73,87,81,52,77,10,19
In Part Not Recorded,379,166,92,67,64,53,57,48,38,70,35,51,41,21,17,11,7
African Am./Caribbean,333,79,100,39,66,56,36,73,82,35,42,7,28,46,10,7,1
Hispanic/Latin American,320,19,46,20,54,61,37,52,56,28,39,12,16,23,18,8,6
Other/Mixed,198,51,48,16,36,24,28,28,37,59,34,11,15,12,9,4,1
African,78,28,30,11,28,15,18,4,3,11,19,11,1,46,12,4,0
